Project2/user,Project2,14123512351,asdf,user,,Java;C++;Python
Project12/user,Project12,asdfasdf,1234,user,;adroc@gmail.com,Java;C++
Project123/user,Project123,asdfasdf,example@gmail.com,user, ;adroc@gmail.com,Java;C++
asdfasdf/user,asdfasdf,asdfasdf,example@gmail.com,user, ;adroc@gmail.com,Java;C++;Python
asdfaq/user,asdfaq,qqwwqqeweeq,example@gmail.com,user, ,Java
qqw/user,qqw,qwe,example@gmail.com,user, ,Java;C++
w/user,w,w,example@gmail.com,user, ,Java;C++
aaa/user,aaa,aaa,example@gmail.com,user, ,Java;C++
12345555/user,12345555,123412555,example@gmail.com,user, ,Java;C++;Python
143123412/user,143123412,12341234123,example@gmail.com,user, ,Java;C++
Project1231/user,Project1231,asdfasdf,example@gmail.com,user, ,Java;C++;Python
1234/user,1234,1234,example@gmail.com,user, ,Java;C++
Project_11/user,Project 11,asdfasdf,example@gmail.com,user, ,Java;C++;Python;JavaScript;C#
ProjectoX/user,ProjectoX,asdfasdfqwefqwefqwe,example@gmail.com,user, ,Java;C++;Python;JavaScript
12341235/user,12341235,1234,example@gmail.com,user, ,Java;C++;Python;JavaScript;C#
